{"cameraMode":{"drawMode":0,"name":"Shaded","section":"Shading Mode"},"sceneLighting":false,"audioPlay":false,"sceneViewState":{"showFog":true,"showMaterialUpdate":false,"showSkybox":false,"showFlares":true,"showImageEffects":true,"showParticleSystems":true},"in2DMode":false,"pivot":{"x":-4.808746337890625,"y":-1.9106330871582032,"z":-3.5300121307373049},"rotation":{"x":0.35728466510772707,"y":-0.2596341073513031,"z":0.10409387201070786,"w":0.8911309838294983},"size":20.886598587036134,"orthographic":false}