{"cameraMode":{"drawMode":0,"name":"Shaded","section":"Shading Mode"},"sceneLighting":false,"audioPlay":false,"sceneViewState":{"showFog":true,"showMaterialUpdate":false,"showSkybox":false,"showFlares":true,"showImageEffects":true,"showParticleSystems":true},"in2DMode":false,"pivot":{"x":3.961383104324341,"y":-6.398865699768066,"z":9.798833847045899},"rotation":{"x":0.21462559700012208,"y":0.005855056457221508,"z":-0.001289640786126256,"w":0.9766851663589478},"size":22.64751625061035,"orthographic":false}