{"cameraMode":{"drawMode":0,"name":"Shaded","section":"Shading Mode"},"sceneLighting":false,"audioPlay":false,"sceneViewState":{"showFog":true,"showMaterialUpdate":false,"showSkybox":false,"showFlares":true,"showImageEffects":true,"showParticleSystems":true},"in2DMode":false,"pivot":{"x":-0.800105631351471,"y":4.1460795402526859,"z":-6.183797359466553},"rotation":{"x":-0.0004021504719275981,"y":0.9984214305877686,"z":-0.05577917769551277,"w":-0.007187597453594208},"size":3.8015687465667726,"orthographic":false}