{"cameraMode":{"drawMode":0,"name":"Shaded","section":"Shading Mode"},"sceneLighting":false,"audioPlay":false,"sceneViewState":{"showFog":true,"showMaterialUpdate":false,"showSkybox":false,"showFlares":true,"showImageEffects":true,"showParticleSystems":true},"in2DMode":false,"pivot":{"x":-2.950317859649658,"y":1.9565770626068116,"z":-10.54279899597168},"rotation":{"x":0.009937644004821778,"y":0.9774481058120728,"z":-0.2055877149105072,"w":0.04724825546145439},"size":1.4501214027404786,"orthographic":false}