{"cameraMode":{"drawMode":0,"name":"Shaded","section":"Shading Mode"},"sceneLighting":false,"audioPlay":false,"sceneViewState":{"showFog":true,"showMaterialUpdate":false,"showSkybox":false,"showFlares":true,"showImageEffects":true,"showParticleSystems":true},"in2DMode":false,"pivot":{"x":6.02332878112793,"y":1.9512147903442383,"z":3.9132633209228517},"rotation":{"x":-0.21971461176872254,"y":0.176515132188797,"z":-0.040457434952259067,"w":-0.9586101770401001},"size":14.3198881149292,"orthographic":false}