{"cameraMode":{"drawMode":0,"name":"Shaded","section":"Shading Mode"},"sceneLighting":false,"audioPlay":false,"sceneViewState":{"showFog":true,"showMaterialUpdate":false,"showSkybox":false,"showFlares":true,"showImageEffects":true,"showParticleSystems":true},"in2DMode":false,"pivot":{"x":-8.244129180908204,"y":0.721282958984375,"z":-14.46478271484375},"rotation":{"x":-0.3053203821182251,"y":0.34909355640411379,"z":-0.12145242094993592,"w":-0.8775901198387146},"size":60.427940368652347,"orthographic":false}